scan_id,family,split,critical_count,high_count,medium_count,low_count,provenance_failures,workflow_exposures,vulnerable_components,blast_ratio,compromised
SYN-0001,trusted_release,test,0.0,0.0,0.0,0.0,0.0,0.0,0.0,0.14831,0
SYN-0002,dependency_takeover,train,0.0,3.0,3.0,0.0,0.0,0.0,1.0,0.41398,0
SYN-0003,workflow_compromise,train,0.0,3.0,4.0,0.0,0.0,6.0,1.0,0.68566,1
SYN-0004,tampered_provenance,train,1.0,3.0,1.0,0.0,3.0,0.0,1.0,0.55111,1
SYN-0005,noisy_review,test,0.0,1.0,3.0,4.0,1.0,0.0,2.0,0.35268,1
SYN-0006,trusted_release,train,0.0,0.0,1.0,2.0,0.0,0.0,0.0,0.1237,0
SYN-0007,dependency_takeover,train,0.0,3.0,0.0,0.0,0.0,0.0,3.0,0.98892,1
SYN-0008,workflow_compromise,train,1.0,4.0,2.0,1.0,0.0,5.0,0.0,0.60211,1
SYN-0009,tampered_provenance,test,1.0,4.0,2.0,0.0,3.0,2.0,0.0,0.76707,1
SYN-0010,noisy_review,train,0.0,2.0,5.0,1.0,1.0,0.0,0.0,0.55199,0
SYN-0011,trusted_release,train,0.0,0.0,1.0,1.0,0.0,0.0,0.0,0.01324,0
SYN-0012,dependency_takeover,train,0.0,3.0,3.0,1.0,0.0,1.0,2.0,0.44866,1
SYN-0013,workflow_compromise,test,1.0,5.0,4.0,1.0,0.0,4.0,0.0,0.50572,1
SYN-0014,tampered_provenance,train,1.0,4.0,0.0,0.0,4.0,2.0,0.0,0.69238,1
SYN-0015,noisy_review,train,0.0,1.0,5.0,2.0,0.0,0.0,2.0,0.58663,0
SYN-0016,trusted_release,train,0.0,0.0,1.0,1.0,0.0,0.0,0.0,0.03163,0
SYN-0017,dependency_takeover,test,1.0,3.0,1.0,2.0,0.0,0.0,3.0,0.88125,1
SYN-0018,workflow_compromise,train,0.0,2.0,3.0,1.0,0.0,3.0,0.0,0.75746,0
SYN-0019,tampered_provenance,train,1.0,3.0,0.0,0.0,3.0,0.0,0.0,0.54283,1
SYN-0020,noisy_review,train,0.0,0.0,2.0,3.0,0.0,2.0,2.0,0.57984,0
SYN-0021,trusted_release,test,0.0,0.0,0.0,2.0,0.0,0.0,0.0,0.15105,0
SYN-0022,dependency_takeover,train,1.0,2.0,3.0,0.0,0.0,0.0,2.0,0.29802,1
SYN-0023,workflow_compromise,train,0.0,3.0,1.0,0.0,0.0,3.0,0.0,0.24044,0
SYN-0024,tampered_provenance,train,1.0,3.0,2.0,0.0,4.0,0.0,0.0,0.86168,1
SYN-0025,noisy_review,test,0.0,2.0,4.0,1.0,1.0,3.0,0.0,0.15188,1
SYN-0026,trusted_release,train,0.0,0.0,0.0,2.0,0.0,0.0,0.0,0.13069,0
SYN-0027,dependency_takeover,train,0.0,2.0,2.0,0.0,0.0,0.0,2.0,0.39266,0
SYN-0028,workflow_compromise,train,0.0,2.0,4.0,2.0,0.0,3.0,0.0,0.59129,0
SYN-0029,tampered_provenance,test,1.0,2.0,0.0,0.0,3.0,0.0,1.0,0.74282,1
SYN-0030,noisy_review,train,0.0,1.0,1.0,3.0,1.0,3.0,1.0,0.33265,0
SYN-0031,trusted_release,train,0.0,0.0,1.0,0.0,0.0,0.0,0.0,0.03798,0
SYN-0032,dependency_takeover,train,0.0,3.0,2.0,0.0,0.0,0.0,4.0,0.62714,0
SYN-0033,workflow_compromise,test,0.0,2.0,1.0,0.0,0.0,3.0,0.0,0.60513,0
SYN-0034,tampered_provenance,train,1.0,2.0,2.0,0.0,3.0,2.0,0.0,0.70961,1
SYN-0035,noisy_review,train,0.0,2.0,3.0,2.0,0.0,2.0,0.0,0.24609,0
SYN-0036,trusted_release,train,0.0,0.0,0.0,0.0,0.0,0.0,0.0,0.09166,0
SYN-0037,dependency_takeover,test,0.0,1.0,1.0,2.0,0.0,1.0,2.0,0.94994,1
SYN-0038,workflow_compromise,train,0.0,5.0,3.0,2.0,0.0,7.0,0.0,0.60072,1
SYN-0039,tampered_provenance,train,1.0,4.0,0.0,0.0,3.0,1.0,0.0,0.94486,1
SYN-0040,noisy_review,train,0.0,0.0,3.0,1.0,1.0,3.0,1.0,0.59794,0
SYN-0041,trusted_release,test,0.0,0.0,0.0,2.0,0.0,0.0,0.0,0.08472,0
SYN-0042,dependency_takeover,train,1.0,1.0,3.0,2.0,0.0,1.0,1.0,0.33391,0
SYN-0043,workflow_compromise,train,0.0,2.0,3.0,2.0,0.0,7.0,0.0,0.45787,0
SYN-0044,tampered_provenance,train,1.0,2.0,1.0,0.0,3.0,2.0,0.0,0.83347,1
SYN-0045,noisy_review,test,0.0,2.0,4.0,4.0,0.0,1.0,0.0,0.63691,1
SYN-0046,trusted_release,train,0.0,0.0,1.0,1.0,0.0,0.0,0.0,0.16045,0
SYN-0047,dependency_takeover,train,0.0,2.0,1.0,2.0,0.0,0.0,4.0,0.90413,0
SYN-0048,workflow_compromise,train,1.0,4.0,3.0,0.0,0.0,4.0,0.0,0.59602,1
SYN-0049,tampered_provenance,test,1.0,3.0,0.0,0.0,4.0,1.0,1.0,0.83976,1
SYN-0050,noisy_review,train,0.0,1.0,2.0,4.0,1.0,0.0,0.0,0.42811,0
SYN-0051,trusted_release,train,0.0,0.0,1.0,1.0,0.0,0.0,0.0,0.12124,0
SYN-0052,dependency_takeover,train,1.0,1.0,3.0,0.0,0.0,0.0,3.0,0.57347,0
SYN-0053,workflow_compromise,test,1.0,4.0,1.0,2.0,0.0,5.0,1.0,0.60014,1
SYN-0054,tampered_provenance,train,1.0,2.0,1.0,0.0,4.0,2.0,0.0,0.80776,1
SYN-0055,noisy_review,train,0.0,2.0,1.0,2.0,1.0,1.0,1.0,0.53217,0
SYN-0056,trusted_release,train,0.0,0.0,0.0,2.0,0.0,0.0,0.0,0.09464,0
SYN-0057,dependency_takeover,test,0.0,3.0,0.0,1.0,0.0,1.0,1.0,0.86382,1
SYN-0058,workflow_compromise,train,0.0,3.0,1.0,0.0,0.0,4.0,1.0,0.56676,0
SYN-0059,tampered_provenance,train,1.0,3.0,1.0,0.0,3.0,2.0,1.0,0.74719,1
SYN-0060,noisy_review,train,0.0,0.0,4.0,1.0,0.0,3.0,0.0,0.40657,0
SYN-0061,trusted_release,test,0.0,0.0,0.0,1.0,0.0,0.0,0.0,0.02667,0
SYN-0062,dependency_takeover,train,1.0,2.0,3.0,2.0,0.0,1.0,2.0,0.80774,1
SYN-0063,workflow_compromise,train,1.0,3.0,3.0,2.0,0.0,6.0,0.0,0.36476,1
SYN-0064,tampered_provenance,train,1.0,3.0,2.0,0.0,3.0,0.0,0.0,0.61563,1
SYN-0065,noisy_review,test,0.0,2.0,2.0,0.0,1.0,3.0,1.0,0.39844,1
SYN-0066,trusted_release,train,0.0,0.0,0.0,2.0,0.0,0.0,0.0,0.07608,1
SYN-0067,dependency_takeover,train,1.0,2.0,3.0,1.0,0.0,0.0,4.0,0.41457,1
SYN-0068,workflow_compromise,train,1.0,3.0,4.0,0.0,0.0,7.0,0.0,0.74416,1
SYN-0069,tampered_provenance,test,1.0,4.0,0.0,0.0,3.0,2.0,1.0,0.56785,1
SYN-0070,noisy_review,train,0.0,0.0,4.0,2.0,1.0,3.0,1.0,0.51361,0
SYN-0071,trusted_release,train,0.0,0.0,1.0,0.0,0.0,0.0,0.0,0.09406,0
SYN-0072,dependency_takeover,train,0.0,3.0,0.0,2.0,0.0,0.0,1.0,0.96221,1
SYN-0073,workflow_compromise,test,0.0,3.0,2.0,0.0,0.0,6.0,0.0,0.53838,1
SYN-0074,tampered_provenance,train,1.0,2.0,2.0,0.0,3.0,0.0,1.0,0.55405,1
SYN-0075,noisy_review,train,0.0,1.0,5.0,3.0,1.0,1.0,0.0,0.42565,0
SYN-0076,trusted_release,train,0.0,0.0,1.0,2.0,0.0,0.0,0.0,0.12008,0
SYN-0077,dependency_takeover,test,0.0,2.0,3.0,2.0,0.0,1.0,1.0,0.62947,0
SYN-0078,workflow_compromise,train,0.0,5.0,3.0,2.0,0.0,6.0,0.0,0.46129,1
SYN-0079,tampered_provenance,train,1.0,4.0,1.0,0.0,4.0,1.0,1.0,0.91287,1
SYN-0080,noisy_review,train,0.0,0.0,3.0,3.0,0.0,3.0,2.0,0.43568,0
SYN-0081,trusted_release,test,0.0,0.0,0.0,1.0,0.0,0.0,0.0,0.17019,0
SYN-0082,dependency_takeover,train,1.0,2.0,2.0,2.0,0.0,0.0,2.0,0.31421,1
SYN-0083,workflow_compromise,train,1.0,3.0,4.0,2.0,0.0,6.0,1.0,0.67576,1
SYN-0084,tampered_provenance,train,1.0,3.0,2.0,0.0,4.0,1.0,1.0,0.71275,1
SYN-0085,noisy_review,test,0.0,1.0,3.0,3.0,1.0,2.0,1.0,0.2268,0
SYN-0086,trusted_release,train,0.0,0.0,0.0,0.0,0.0,0.0,0.0,0.04328,0
SYN-0087,dependency_takeover,train,1.0,1.0,1.0,1.0,0.0,0.0,3.0,0.38458,1
SYN-0088,workflow_compromise,train,0.0,4.0,2.0,2.0,0.0,6.0,0.0,0.72363,1
SYN-0089,tampered_provenance,test,1.0,3.0,1.0,0.0,4.0,1.0,0.0,0.98275,1
SYN-0090,noisy_review,train,0.0,0.0,4.0,3.0,0.0,0.0,0.0,0.18206,0
SYN-0091,trusted_release,train,0.0,0.0,1.0,0.0,0.0,0.0,0.0,0.19878,0
SYN-0092,dependency_takeover,train,0.0,3.0,3.0,1.0,0.0,1.0,3.0,0.89512,0
SYN-0093,workflow_compromise,test,1.0,2.0,1.0,0.0,0.0,4.0,1.0,0.59626,1
SYN-0094,tampered_provenance,train,1.0,2.0,1.0,0.0,4.0,2.0,1.0,0.64563,1
SYN-0095,noisy_review,train,0.0,2.0,3.0,3.0,0.0,1.0,1.0,0.53331,0
SYN-0096,trusted_release,train,0.0,0.0,1.0,0.0,0.0,0.0,0.0,0.10891,0
SYN-0097,dependency_takeover,test,1.0,1.0,0.0,0.0,0.0,0.0,3.0,0.69628,1
SYN-0098,workflow_compromise,train,1.0,4.0,4.0,1.0,0.0,7.0,1.0,0.46266,1
SYN-0099,tampered_provenance,train,1.0,3.0,2.0,0.0,4.0,2.0,1.0,0.51293,1
SYN-0100,noisy_review,train,0.0,2.0,1.0,2.0,0.0,1.0,1.0,0.38543,0
SYN-0101,trusted_release,test,0.0,0.0,1.0,0.0,0.0,0.0,0.0,0.19939,0
SYN-0102,dependency_takeover,train,1.0,2.0,3.0,1.0,0.0,1.0,1.0,0.8933,1
SYN-0103,workflow_compromise,train,1.0,4.0,4.0,2.0,0.0,3.0,1.0,0.25284,1
SYN-0104,tampered_provenance,train,1.0,4.0,0.0,0.0,4.0,1.0,0.0,0.59379,1
SYN-0105,noisy_review,test,0.0,1.0,4.0,0.0,0.0,2.0,2.0,0.17206,0
SYN-0106,trusted_release,train,0.0,0.0,0.0,2.0,0.0,0.0,0.0,0.12177,0
SYN-0107,dependency_takeover,train,0.0,2.0,0.0,2.0,0.0,1.0,1.0,0.41853,0
SYN-0108,workflow_compromise,train,0.0,5.0,3.0,2.0,0.0,5.0,1.0,0.70083,0
SYN-0109,tampered_provenance,test,1.0,2.0,1.0,0.0,3.0,1.0,0.0,0.96093,1
SYN-0110,noisy_review,train,0.0,1.0,4.0,2.0,1.0,0.0,1.0,0.49933,0
SYN-0111,trusted_release,train,0.0,0.0,1.0,0.0,0.0,0.0,0.0,0.08931,0
SYN-0112,dependency_takeover,train,1.0,2.0,2.0,0.0,0.0,0.0,4.0,0.42517,1
SYN-0113,workflow_compromise,test,0.0,4.0,4.0,2.0,0.0,6.0,1.0,0.79305,1
SYN-0114,tampered_provenance,train,1.0,2.0,0.0,0.0,4.0,0.0,1.0,0.54986,1
SYN-0115,noisy_review,train,0.0,0.0,2.0,3.0,0.0,0.0,1.0,0.52984,0
SYN-0116,trusted_release,train,0.0,0.0,0.0,1.0,0.0,0.0,0.0,0.17047,0
SYN-0117,dependency_takeover,test,1.0,2.0,3.0,2.0,0.0,0.0,1.0,0.42608,1
SYN-0118,workflow_compromise,train,0.0,5.0,1.0,2.0,0.0,3.0,1.0,0.29982,1
SYN-0119,tampered_provenance,train,1.0,2.0,0.0,0.0,4.0,0.0,1.0,0.67923,1
SYN-0120,noisy_review,train,0.0,2.0,2.0,1.0,0.0,0.0,2.0,0.57896,0
SYN-0121,trusted_release,test,0.0,0.0,0.0,1.0,0.0,0.0,0.0,0.18257,0
SYN-0122,dependency_takeover,train,1.0,3.0,0.0,1.0,0.0,1.0,2.0,0.3054,0
SYN-0123,workflow_compromise,train,1.0,5.0,3.0,1.0,0.0,5.0,0.0,0.79962,1
SYN-0124,tampered_provenance,train,1.0,3.0,2.0,0.0,4.0,2.0,1.0,0.51097,1
SYN-0125,noisy_review,test,0.0,1.0,3.0,0.0,0.0,3.0,1.0,0.52666,1
SYN-0126,trusted_release,train,0.0,0.0,0.0,2.0,0.0,0.0,0.0,0.05013,0
SYN-0127,dependency_takeover,train,0.0,3.0,0.0,2.0,0.0,0.0,3.0,0.84146,1
SYN-0128,workflow_compromise,train,1.0,4.0,4.0,0.0,0.0,4.0,0.0,0.67191,1
SYN-0129,tampered_provenance,test,1.0,3.0,2.0,0.0,4.0,0.0,1.0,0.95702,1
SYN-0130,noisy_review,train,0.0,1.0,1.0,3.0,0.0,1.0,0.0,0.57308,0
SYN-0131,trusted_release,train,0.0,0.0,1.0,2.0,0.0,0.0,0.0,0.07316,0
SYN-0132,dependency_takeover,train,1.0,2.0,2.0,2.0,0.0,1.0,3.0,0.33126,1
SYN-0133,workflow_compromise,test,0.0,4.0,2.0,2.0,0.0,3.0,1.0,0.74563,1
SYN-0134,tampered_provenance,train,1.0,2.0,1.0,0.0,4.0,0.0,0.0,0.6174,1
SYN-0135,noisy_review,train,0.0,1.0,4.0,2.0,1.0,1.0,1.0,0.46021,0
SYN-0136,trusted_release,train,0.0,0.0,1.0,0.0,0.0,0.0,0.0,0.13806,0
SYN-0137,dependency_takeover,test,1.0,1.0,2.0,0.0,0.0,1.0,3.0,0.29541,0
SYN-0138,workflow_compromise,train,1.0,2.0,2.0,2.0,0.0,7.0,0.0,0.23035,1
SYN-0139,tampered_provenance,train,1.0,2.0,2.0,0.0,3.0,0.0,0.0,0.79319,1
SYN-0140,noisy_review,train,0.0,2.0,1.0,2.0,0.0,1.0,2.0,0.23786,1
SYN-0141,trusted_release,test,0.0,0.0,0.0,0.0,0.0,0.0,0.0,0.00297,0
SYN-0142,dependency_takeover,train,0.0,2.0,0.0,0.0,0.0,1.0,1.0,0.80925,0
SYN-0143,workflow_compromise,train,1.0,2.0,4.0,2.0,0.0,4.0,0.0,0.63635,1
SYN-0144,tampered_provenance,train,1.0,4.0,0.0,0.0,3.0,1.0,1.0,0.71314,1
SYN-0145,noisy_review,test,0.0,2.0,4.0,0.0,0.0,2.0,2.0,0.18158,1
SYN-0146,trusted_release,train,0.0,0.0,1.0,1.0,0.0,0.0,0.0,0.19893,0
SYN-0147,dependency_takeover,train,1.0,3.0,3.0,0.0,0.0,0.0,2.0,0.57255,1
SYN-0148,workflow_compromise,train,1.0,5.0,1.0,1.0,0.0,6.0,1.0,0.59906,1
SYN-0149,tampered_provenance,test,1.0,2.0,2.0,0.0,4.0,0.0,0.0,0.91589,1
SYN-0150,noisy_review,train,0.0,0.0,5.0,0.0,1.0,0.0,1.0,0.29448,0
SYN-0151,trusted_release,train,0.0,0.0,1.0,2.0,0.0,0.0,0.0,0.01029,0
SYN-0152,dependency_takeover,train,0.0,1.0,3.0,0.0,0.0,0.0,3.0,0.88403,1
SYN-0153,workflow_compromise,test,1.0,3.0,4.0,2.0,0.0,7.0,0.0,0.5654,1
SYN-0154,tampered_provenance,train,1.0,3.0,2.0,0.0,4.0,1.0,1.0,0.50305,1
SYN-0155,noisy_review,train,0.0,2.0,4.0,0.0,0.0,0.0,0.0,0.51036,0
SYN-0156,trusted_release,train,0.0,0.0,1.0,1.0,0.0,0.0,0.0,0.14432,0
SYN-0157,dependency_takeover,test,0.0,1.0,1.0,0.0,0.0,0.0,1.0,0.45408,0
SYN-0158,workflow_compromise,train,1.0,3.0,1.0,1.0,0.0,6.0,0.0,0.36995,1
SYN-0159,tampered_provenance,train,1.0,3.0,2.0,0.0,4.0,0.0,0.0,0.69763,1
SYN-0160,noisy_review,train,0.0,0.0,2.0,2.0,1.0,2.0,0.0,0.10425,0
SYN-0161,trusted_release,test,0.0,0.0,0.0,0.0,0.0,0.0,0.0,0.07604,0
SYN-0162,dependency_takeover,train,1.0,1.0,3.0,2.0,0.0,0.0,4.0,0.26406,0
SYN-0163,workflow_compromise,train,1.0,5.0,4.0,2.0,0.0,6.0,1.0,0.2691,1
SYN-0164,tampered_provenance,train,1.0,4.0,1.0,0.0,4.0,0.0,1.0,0.92224,1
SYN-0165,noisy_review,test,0.0,2.0,4.0,4.0,0.0,3.0,1.0,0.51019,1
SYN-0166,trusted_release,train,0.0,0.0,0.0,2.0,0.0,0.0,0.0,0.10199,0
SYN-0167,dependency_takeover,train,1.0,2.0,1.0,0.0,0.0,0.0,2.0,0.44198,0
SYN-0168,workflow_compromise,train,0.0,3.0,4.0,1.0,0.0,7.0,1.0,0.60868,1
SYN-0169,tampered_provenance,test,1.0,4.0,2.0,0.0,4.0,2.0,1.0,0.57548,1
SYN-0170,noisy_review,train,0.0,1.0,5.0,0.0,1.0,0.0,1.0,0.35396,1
SYN-0171,trusted_release,train,0.0,0.0,1.0,1.0,0.0,0.0,0.0,0.01535,0
SYN-0172,dependency_takeover,train,1.0,2.0,0.0,1.0,0.0,0.0,3.0,0.70375,1
SYN-0173,workflow_compromise,test,0.0,5.0,1.0,1.0,0.0,3.0,0.0,0.22349,1
SYN-0174,tampered_provenance,train,1.0,4.0,0.0,0.0,4.0,1.0,1.0,0.69371,1
SYN-0175,noisy_review,train,0.0,2.0,5.0,0.0,1.0,0.0,1.0,0.15198,0
SYN-0176,trusted_release,train,0.0,0.0,0.0,1.0,0.0,0.0,0.0,0.0163,0
SYN-0177,dependency_takeover,test,1.0,2.0,3.0,0.0,0.0,0.0,3.0,0.66919,1
SYN-0178,workflow_compromise,train,0.0,5.0,3.0,0.0,0.0,5.0,1.0,0.30816,1
SYN-0179,tampered_provenance,train,1.0,3.0,0.0,0.0,3.0,0.0,0.0,0.53858,1
SYN-0180,noisy_review,train,0.0,2.0,5.0,0.0,1.0,1.0,2.0,0.3072,1
SYN-0181,trusted_release,test,0.0,0.0,0.0,2.0,0.0,0.0,0.0,0.08753,0
SYN-0182,dependency_takeover,train,1.0,3.0,2.0,2.0,0.0,1.0,2.0,0.65051,1
SYN-0183,workflow_compromise,train,1.0,3.0,3.0,2.0,0.0,7.0,1.0,0.47701,1
SYN-0184,tampered_provenance,train,1.0,2.0,0.0,0.0,3.0,1.0,0.0,0.82059,1
SYN-0185,noisy_review,test,0.0,2.0,1.0,4.0,0.0,2.0,0.0,0.51971,1
SYN-0186,trusted_release,train,0.0,0.0,1.0,0.0,0.0,0.0,0.0,0.18928,0
SYN-0187,dependency_takeover,train,1.0,2.0,0.0,1.0,0.0,0.0,4.0,0.62651,1
SYN-0188,workflow_compromise,train,0.0,4.0,1.0,2.0,0.0,5.0,0.0,0.28256,1
SYN-0189,tampered_provenance,test,1.0,3.0,2.0,0.0,3.0,2.0,1.0,0.7243,1
SYN-0190,noisy_review,train,0.0,0.0,5.0,4.0,1.0,0.0,1.0,0.2307,1
SYN-0191,trusted_release,train,0.0,0.0,0.0,1.0,0.0,0.0,0.0,0.12779,0
SYN-0192,dependency_takeover,train,1.0,3.0,0.0,2.0,0.0,0.0,2.0,0.46845,1
SYN-0193,workflow_compromise,test,1.0,3.0,4.0,0.0,0.0,3.0,1.0,0.24061,0
SYN-0194,tampered_provenance,train,1.0,4.0,0.0,0.0,4.0,1.0,0.0,0.81784,1
SYN-0195,noisy_review,train,0.0,1.0,1.0,2.0,0.0,2.0,0.0,0.50312,0
SYN-0196,trusted_release,train,0.0,0.0,1.0,0.0,0.0,0.0,0.0,0.00887,0
SYN-0197,dependency_takeover,test,0.0,3.0,3.0,2.0,0.0,1.0,2.0,0.85862,1
SYN-0198,workflow_compromise,train,1.0,3.0,1.0,0.0,0.0,3.0,1.0,0.76002,1
SYN-0199,tampered_provenance,train,1.0,4.0,1.0,0.0,4.0,0.0,0.0,0.64306,1
SYN-0200,noisy_review,train,0.0,1.0,1.0,2.0,1.0,3.0,2.0,0.34186,0
SYN-0201,trusted_release,test,0.0,0.0,1.0,0.0,0.0,0.0,0.0,0.09924,0
SYN-0202,dependency_takeover,train,0.0,3.0,3.0,0.0,0.0,1.0,2.0,0.65911,1
SYN-0203,workflow_compromise,train,0.0,4.0,3.0,1.0,0.0,6.0,1.0,0.29999,1
SYN-0204,tampered_provenance,train,1.0,3.0,2.0,0.0,4.0,1.0,0.0,0.53752,1
SYN-0205,noisy_review,test,0.0,1.0,5.0,1.0,0.0,1.0,2.0,0.47295,1
SYN-0206,trusted_release,train,0.0,0.0,1.0,1.0,0.0,0.0,0.0,0.07657,0
SYN-0207,dependency_takeover,train,0.0,3.0,3.0,1.0,0.0,1.0,4.0,0.82231,1
SYN-0208,workflow_compromise,train,1.0,3.0,1.0,0.0,0.0,4.0,1.0,0.51065,1
SYN-0209,tampered_provenance,test,1.0,2.0,1.0,0.0,4.0,2.0,1.0,0.60729,0
SYN-0210,noisy_review,train,0.0,0.0,1.0,1.0,0.0,3.0,0.0,0.59427,0
SYN-0211,trusted_release,train,0.0,0.0,0.0,2.0,0.0,0.0,0.0,0.19351,0
SYN-0212,dependency_takeover,train,1.0,2.0,1.0,2.0,0.0,0.0,3.0,0.63157,1
SYN-0213,workflow_compromise,test,0.0,3.0,2.0,1.0,0.0,3.0,1.0,0.53241,0
SYN-0214,tampered_provenance,train,1.0,4.0,0.0,0.0,3.0,1.0,1.0,0.9998,1
SYN-0215,noisy_review,train,0.0,2.0,4.0,3.0,0.0,1.0,1.0,0.45329,0
SYN-0216,trusted_release,train,0.0,0.0,0.0,0.0,0.0,0.0,0.0,0.08652,0
SYN-0217,dependency_takeover,test,0.0,1.0,1.0,1.0,0.0,0.0,2.0,0.492,0
SYN-0218,workflow_compromise,train,1.0,2.0,3.0,0.0,0.0,7.0,1.0,0.2751,1
SYN-0219,tampered_provenance,train,1.0,4.0,0.0,0.0,3.0,2.0,0.0,0.5856,1
SYN-0220,noisy_review,train,0.0,2.0,1.0,0.0,0.0,0.0,2.0,0.52406,0
SYN-0221,trusted_release,test,0.0,0.0,0.0,2.0,0.0,0.0,0.0,0.08332,0
SYN-0222,dependency_takeover,train,1.0,3.0,2.0,1.0,0.0,0.0,4.0,0.47308,1
SYN-0223,workflow_compromise,train,0.0,3.0,4.0,1.0,0.0,6.0,1.0,0.32241,1
SYN-0224,tampered_provenance,train,1.0,4.0,1.0,0.0,4.0,0.0,1.0,0.75749,1
SYN-0225,noisy_review,test,0.0,0.0,4.0,0.0,1.0,3.0,0.0,0.17748,0
SYN-0226,trusted_release,train,0.0,0.0,1.0,0.0,0.0,0.0,0.0,0.19254,0
SYN-0227,dependency_takeover,train,1.0,3.0,2.0,0.0,0.0,0.0,4.0,0.99698,1
SYN-0228,workflow_compromise,train,0.0,5.0,4.0,0.0,0.0,4.0,1.0,0.22919,1
SYN-0229,tampered_provenance,test,1.0,4.0,2.0,0.0,4.0,1.0,0.0,0.92359,1
SYN-0230,noisy_review,train,0.0,1.0,3.0,0.0,1.0,0.0,2.0,0.409,1
SYN-0231,trusted_release,train,0.0,0.0,1.0,0.0,0.0,0.0,0.0,0.07727,0
SYN-0232,dependency_takeover,train,0.0,1.0,0.0,1.0,0.0,1.0,3.0,0.66837,0
SYN-0233,workflow_compromise,test,0.0,3.0,4.0,2.0,0.0,3.0,0.0,0.22335,0
SYN-0234,tampered_provenance,train,1.0,2.0,2.0,0.0,3.0,1.0,1.0,0.58125,0
SYN-0235,noisy_review,train,0.0,2.0,3.0,4.0,1.0,3.0,2.0,0.40961,1
SYN-0236,trusted_release,train,0.0,0.0,0.0,1.0,0.0,0.0,0.0,0.11674,0
SYN-0237,dependency_takeover,test,0.0,3.0,3.0,1.0,0.0,0.0,1.0,0.68764,0
SYN-0238,workflow_compromise,train,1.0,3.0,2.0,0.0,0.0,7.0,0.0,0.31447,1
SYN-0239,tampered_provenance,train,1.0,3.0,0.0,0.0,4.0,2.0,0.0,0.70519,1
SYN-0240,noisy_review,train,0.0,2.0,1.0,1.0,0.0,2.0,2.0,0.3631,0
SYN-0241,trusted_release,test,0.0,0.0,0.0,1.0,0.0,0.0,0.0,0.18242,0
SYN-0242,dependency_takeover,train,1.0,3.0,3.0,0.0,0.0,0.0,3.0,0.66856,1
SYN-0243,workflow_compromise,train,1.0,4.0,2.0,2.0,0.0,6.0,1.0,0.48788,1
SYN-0244,tampered_provenance,train,1.0,3.0,0.0,0.0,4.0,1.0,1.0,0.9773,1
SYN-0245,noisy_review,test,0.0,1.0,1.0,2.0,0.0,2.0,1.0,0.46078,0
SYN-0246,trusted_release,train,0.0,0.0,1.0,2.0,0.0,0.0,0.0,0.13923,0
SYN-0247,dependency_takeover,train,0.0,1.0,0.0,2.0,0.0,0.0,2.0,0.28937,0
SYN-0248,workflow_compromise,train,0.0,2.0,2.0,1.0,0.0,6.0,1.0,0.59032,1
SYN-0249,tampered_provenance,test,1.0,3.0,1.0,0.0,4.0,2.0,0.0,0.95397,1
SYN-0250,noisy_review,train,0.0,2.0,1.0,1.0,1.0,1.0,0.0,0.64844,1
SYN-0251,trusted_release,train,0.0,0.0,1.0,0.0,0.0,0.0,0.0,0.18732,0
SYN-0252,dependency_takeover,train,0.0,2.0,0.0,1.0,0.0,1.0,4.0,0.99182,1
SYN-0253,workflow_compromise,test,1.0,3.0,4.0,1.0,0.0,4.0,0.0,0.39841,1
SYN-0254,tampered_provenance,train,1.0,2.0,2.0,0.0,4.0,1.0,0.0,0.58775,1
SYN-0255,noisy_review,train,0.0,1.0,4.0,4.0,1.0,0.0,1.0,0.46809,1
SYN-0256,trusted_release,train,0.0,0.0,0.0,0.0,0.0,0.0,0.0,0.05216,0
SYN-0257,dependency_takeover,test,1.0,2.0,2.0,2.0,0.0,0.0,3.0,0.74026,1
SYN-0258,workflow_compromise,train,1.0,3.0,4.0,2.0,0.0,7.0,1.0,0.61417,1
SYN-0259,tampered_provenance,train,1.0,3.0,1.0,0.0,3.0,0.0,0.0,0.73909,1
SYN-0260,noisy_review,train,0.0,2.0,5.0,3.0,0.0,1.0,2.0,0.51511,0
SYN-0261,trusted_release,test,0.0,0.0,0.0,2.0,0.0,0.0,0.0,0.08935,0
SYN-0262,dependency_takeover,train,0.0,3.0,1.0,2.0,0.0,0.0,2.0,0.49609,0
SYN-0263,workflow_compromise,train,0.0,3.0,4.0,0.0,0.0,7.0,1.0,0.68522,1
SYN-0264,tampered_provenance,train,1.0,2.0,2.0,0.0,4.0,2.0,1.0,0.86164,1
SYN-0265,noisy_review,test,0.0,0.0,2.0,4.0,0.0,0.0,1.0,0.28949,0
SYN-0266,trusted_release,train,0.0,0.0,0.0,1.0,0.0,0.0,0.0,0.00635,0
SYN-0267,dependency_takeover,train,0.0,3.0,3.0,1.0,0.0,1.0,4.0,0.90222,1
SYN-0268,workflow_compromise,train,0.0,4.0,1.0,0.0,0.0,7.0,1.0,0.51731,1
SYN-0269,tampered_provenance,test,1.0,2.0,0.0,0.0,3.0,1.0,1.0,0.83675,1
SYN-0270,noisy_review,train,0.0,0.0,4.0,2.0,0.0,2.0,0.0,0.61558,0
SYN-0271,trusted_release,train,0.0,0.0,0.0,0.0,0.0,0.0,0.0,0.1619,0
SYN-0272,dependency_takeover,train,0.0,1.0,1.0,0.0,0.0,0.0,1.0,0.58483,0
SYN-0273,workflow_compromise,test,0.0,3.0,1.0,1.0,0.0,6.0,0.0,0.52386,1
SYN-0274,tampered_provenance,train,1.0,3.0,0.0,0.0,4.0,2.0,1.0,0.61845,1
SYN-0275,noisy_review,train,0.0,2.0,5.0,1.0,1.0,2.0,1.0,0.13353,0
SYN-0276,trusted_release,train,0.0,0.0,1.0,2.0,0.0,0.0,0.0,0.09912,0
SYN-0277,dependency_takeover,test,1.0,3.0,2.0,2.0,0.0,1.0,4.0,0.36191,1
SYN-0278,workflow_compromise,train,0.0,4.0,2.0,1.0,0.0,3.0,1.0,0.78067,1
SYN-0279,tampered_provenance,train,1.0,2.0,1.0,0.0,3.0,1.0,0.0,0.66513,1
SYN-0280,noisy_review,train,0.0,2.0,2.0,0.0,1.0,3.0,2.0,0.43273,1
SYN-0281,trusted_release,test,0.0,0.0,0.0,0.0,0.0,0.0,0.0,0.16093,0
SYN-0282,dependency_takeover,train,0.0,2.0,2.0,0.0,0.0,0.0,2.0,0.97156,1
SYN-0283,workflow_compromise,train,1.0,3.0,2.0,1.0,0.0,4.0,1.0,0.66531,1
SYN-0284,tampered_provenance,train,1.0,3.0,1.0,0.0,4.0,1.0,0.0,0.90141,1
SYN-0285,noisy_review,test,0.0,1.0,2.0,2.0,1.0,3.0,0.0,0.40939,1
SYN-0286,trusted_release,train,0.0,0.0,1.0,1.0,0.0,0.0,0.0,0.03048,0
SYN-0287,dependency_takeover,train,1.0,3.0,1.0,1.0,0.0,1.0,3.0,0.82252,1
SYN-0288,workflow_compromise,train,1.0,3.0,3.0,0.0,0.0,4.0,1.0,0.31043,1
SYN-0289,tampered_provenance,test,1.0,4.0,0.0,0.0,3.0,0.0,0.0,0.88217,1
SYN-0290,noisy_review,train,0.0,2.0,2.0,0.0,0.0,3.0,1.0,0.13325,0
SYN-0291,trusted_release,train,0.0,0.0,1.0,2.0,0.0,0.0,0.0,0.09757,1
SYN-0292,dependency_takeover,train,1.0,3.0,2.0,0.0,0.0,1.0,2.0,0.33026,1
SYN-0293,workflow_compromise,test,0.0,3.0,2.0,2.0,0.0,7.0,1.0,0.68913,1
SYN-0294,tampered_provenance,train,1.0,3.0,1.0,0.0,3.0,2.0,0.0,0.64999,1
SYN-0295,noisy_review,train,0.0,0.0,1.0,0.0,1.0,3.0,1.0,0.40399,1
SYN-0296,trusted_release,train,0.0,0.0,1.0,1.0,0.0,0.0,0.0,0.12898,0
SYN-0297,dependency_takeover,test,0.0,3.0,0.0,0.0,0.0,0.0,4.0,0.45332,1
SYN-0298,workflow_compromise,train,0.0,3.0,3.0,0.0,0.0,4.0,0.0,0.65135,0
SYN-0299,tampered_provenance,train,1.0,3.0,0.0,0.0,4.0,0.0,0.0,0.78335,1
SYN-0300,noisy_review,train,0.0,1.0,2.0,0.0,1.0,0.0,0.0,0.3404,0
SYN-0301,trusted_release,test,0.0,0.0,1.0,2.0,0.0,0.0,0.0,0.1538,0
SYN-0302,dependency_takeover,train,0.0,3.0,2.0,1.0,0.0,1.0,2.0,0.51686,0
SYN-0303,workflow_compromise,train,1.0,3.0,4.0,0.0,0.0,7.0,1.0,0.67883,1
SYN-0304,tampered_provenance,train,1.0,4.0,2.0,0.0,3.0,2.0,1.0,0.65834,1
SYN-0305,noisy_review,test,0.0,0.0,3.0,3.0,1.0,2.0,0.0,0.17288,0
SYN-0306,trusted_release,train,0.0,0.0,1.0,0.0,0.0,0.0,0.0,0.00525,0
SYN-0307,dependency_takeover,train,0.0,3.0,2.0,1.0,0.0,0.0,3.0,0.56036,1
SYN-0308,workflow_compromise,train,0.0,3.0,4.0,0.0,0.0,4.0,1.0,0.38068,1
SYN-0309,tampered_provenance,test,1.0,2.0,0.0,0.0,4.0,1.0,1.0,0.64988,1
SYN-0310,noisy_review,train,0.0,2.0,4.0,4.0,0.0,3.0,0.0,0.17452,1
SYN-0311,trusted_release,train,0.0,0.0,1.0,1.0,0.0,0.0,0.0,0.16832,0
SYN-0312,dependency_takeover,train,1.0,3.0,1.0,1.0,0.0,1.0,2.0,0.60926,1
SYN-0313,workflow_compromise,test,1.0,4.0,3.0,2.0,0.0,6.0,0.0,0.39553,1
SYN-0314,tampered_provenance,train,1.0,4.0,0.0,0.0,3.0,2.0,0.0,0.9765,1
SYN-0315,noisy_review,train,0.0,2.0,2.0,3.0,1.0,0.0,1.0,0.47014,1
SYN-0316,trusted_release,train,0.0,0.0,0.0,2.0,0.0,0.0,0.0,0.08463,0
SYN-0317,dependency_takeover,test,1.0,3.0,3.0,2.0,0.0,1.0,4.0,0.65773,1
SYN-0318,workflow_compromise,train,0.0,2.0,2.0,2.0,0.0,5.0,0.0,0.5882,1
SYN-0319,tampered_provenance,train,1.0,4.0,2.0,0.0,4.0,1.0,1.0,0.55297,1
SYN-0320,noisy_review,train,0.0,2.0,5.0,4.0,0.0,3.0,1.0,0.31512,0
SYN-0321,trusted_release,test,0.0,0.0,0.0,1.0,0.0,0.0,0.0,0.19954,0
SYN-0322,dependency_takeover,train,0.0,1.0,1.0,1.0,0.0,1.0,3.0,0.5915,1
SYN-0323,workflow_compromise,train,1.0,4.0,4.0,0.0,0.0,6.0,1.0,0.39135,1
SYN-0324,tampered_provenance,train,1.0,3.0,2.0,0.0,3.0,2.0,0.0,0.96496,1
SYN-0325,noisy_review,test,0.0,2.0,2.0,4.0,0.0,2.0,2.0,0.3345,0
SYN-0326,trusted_release,train,0.0,0.0,0.0,2.0,0.0,0.0,0.0,0.13146,0
SYN-0327,dependency_takeover,train,0.0,2.0,3.0,1.0,0.0,0.0,2.0,0.40434,1
SYN-0328,workflow_compromise,train,0.0,3.0,3.0,1.0,0.0,4.0,1.0,0.26837,0
SYN-0329,tampered_provenance,test,1.0,3.0,2.0,0.0,4.0,2.0,1.0,0.80565,1
SYN-0330,noisy_review,train,0.0,2.0,2.0,2.0,0.0,1.0,1.0,0.16482,0
SYN-0331,trusted_release,train,0.0,0.0,0.0,1.0,0.0,0.0,0.0,0.13869,0
SYN-0332,dependency_takeover,train,1.0,2.0,1.0,1.0,0.0,0.0,2.0,0.61723,1
SYN-0333,workflow_compromise,test,1.0,5.0,1.0,1.0,0.0,3.0,1.0,0.28192,1
SYN-0334,tampered_provenance,train,1.0,3.0,1.0,0.0,4.0,1.0,1.0,0.74435,1
SYN-0335,noisy_review,train,0.0,0.0,2.0,2.0,0.0,2.0,0.0,0.39568,0
SYN-0336,trusted_release,train,0.0,0.0,1.0,2.0,0.0,0.0,0.0,0.10216,0
SYN-0337,dependency_takeover,test,1.0,3.0,2.0,2.0,0.0,0.0,4.0,0.65976,1
SYN-0338,workflow_compromise,train,0.0,4.0,1.0,1.0,0.0,5.0,1.0,0.71732,1
SYN-0339,tampered_provenance,train,1.0,2.0,0.0,0.0,3.0,2.0,1.0,0.93052,1
SYN-0340,noisy_review,train,0.0,0.0,2.0,0.0,1.0,2.0,2.0,0.39632,0
SYN-0341,trusted_release,test,0.0,0.0,1.0,1.0,0.0,0.0,0.0,0.11455,0
SYN-0342,dependency_takeover,train,0.0,1.0,3.0,0.0,0.0,1.0,2.0,0.77607,1
SYN-0343,workflow_compromise,train,0.0,4.0,2.0,2.0,0.0,6.0,1.0,0.2853,1
SYN-0344,tampered_provenance,train,1.0,2.0,2.0,0.0,3.0,1.0,1.0,0.84735,1
SYN-0345,noisy_review,test,0.0,1.0,4.0,2.0,0.0,0.0,2.0,0.63468,0
SYN-0346,trusted_release,train,0.0,0.0,1.0,0.0,0.0,0.0,0.0,0.19363,0
SYN-0347,dependency_takeover,train,1.0,2.0,2.0,1.0,0.0,1.0,2.0,0.67461,1
SYN-0348,workflow_compromise,train,0.0,2.0,1.0,2.0,0.0,6.0,0.0,0.27454,0
SYN-0349,tampered_provenance,test,1.0,3.0,1.0,0.0,3.0,1.0,0.0,0.99785,1
SYN-0350,noisy_review,train,0.0,1.0,1.0,2.0,1.0,0.0,1.0,0.46548,0
SYN-0351,trusted_release,train,0.0,0.0,0.0,1.0,0.0,0.0,0.0,0.12512,0
SYN-0352,dependency_takeover,train,0.0,3.0,0.0,0.0,0.0,0.0,4.0,0.30845,0
SYN-0353,workflow_compromise,test,1.0,2.0,1.0,2.0,0.0,5.0,0.0,0.79289,1
SYN-0354,tampered_provenance,train,1.0,3.0,0.0,0.0,3.0,0.0,1.0,0.68378,1
SYN-0355,noisy_review,train,0.0,1.0,2.0,1.0,0.0,0.0,2.0,0.45751,0
SYN-0356,trusted_release,train,0.0,0.0,0.0,1.0,0.0,0.0,0.0,0.12322,0
SYN-0357,dependency_takeover,test,0.0,1.0,0.0,0.0,0.0,0.0,4.0,0.51365,0
SYN-0358,workflow_compromise,train,0.0,3.0,3.0,2.0,0.0,3.0,1.0,0.32327,1
SYN-0359,tampered_provenance,train,1.0,2.0,2.0,0.0,4.0,1.0,0.0,0.8919,1
SYN-0360,noisy_review,train,0.0,0.0,4.0,4.0,0.0,0.0,1.0,0.61366,0
SYN-0361,trusted_release,test,0.0,0.0,1.0,1.0,0.0,0.0,0.0,0.10927,0
SYN-0362,dependency_takeover,train,0.0,1.0,0.0,0.0,0.0,1.0,2.0,0.27987,1
SYN-0363,workflow_compromise,train,1.0,4.0,4.0,1.0,0.0,6.0,0.0,0.58432,1
SYN-0364,tampered_provenance,train,1.0,2.0,2.0,0.0,3.0,0.0,1.0,0.69537,1
SYN-0365,noisy_review,test,0.0,2.0,1.0,2.0,1.0,1.0,0.0,0.23446,0
SYN-0366,trusted_release,train,0.0,0.0,0.0,1.0,0.0,0.0,0.0,0.13322,0
SYN-0367,dependency_takeover,train,0.0,1.0,0.0,2.0,0.0,0.0,1.0,0.37287,0
SYN-0368,workflow_compromise,train,1.0,3.0,3.0,0.0,0.0,5.0,0.0,0.66286,1
SYN-0369,tampered_provenance,test,1.0,3.0,1.0,0.0,3.0,1.0,0.0,0.74807,1
SYN-0370,noisy_review,train,0.0,0.0,3.0,1.0,1.0,0.0,2.0,0.47077,1
SYN-0371,trusted_release,train,0.0,0.0,0.0,0.0,0.0,0.0,0.0,0.17174,0
SYN-0372,dependency_takeover,train,0.0,1.0,0.0,2.0,0.0,1.0,2.0,0.49135,0
SYN-0373,workflow_compromise,test,1.0,4.0,1.0,2.0,0.0,5.0,0.0,0.50122,1
SYN-0374,tampered_provenance,train,1.0,2.0,1.0,0.0,3.0,1.0,1.0,0.88676,1
SYN-0375,noisy_review,train,0.0,0.0,5.0,3.0,0.0,2.0,0.0,0.26038,0
SYN-0376,trusted_release,train,0.0,0.0,1.0,2.0,0.0,0.0,0.0,0.19437,0
SYN-0377,dependency_takeover,test,0.0,3.0,1.0,0.0,0.0,0.0,4.0,0.26793,0
SYN-0378,workflow_compromise,train,0.0,4.0,1.0,2.0,0.0,6.0,1.0,0.26237,1
SYN-0379,tampered_provenance,train,1.0,2.0,1.0,0.0,4.0,0.0,0.0,0.85583,1
SYN-0380,noisy_review,train,0.0,2.0,4.0,2.0,1.0,0.0,2.0,0.15257,1
SYN-0381,trusted_release,test,0.0,0.0,1.0,0.0,0.0,0.0,0.0,0.11838,0
SYN-0382,dependency_takeover,train,1.0,2.0,2.0,1.0,0.0,1.0,3.0,0.58957,1
SYN-0383,workflow_compromise,train,0.0,3.0,1.0,0.0,0.0,3.0,0.0,0.46974,1
SYN-0384,tampered_provenance,train,1.0,2.0,1.0,0.0,4.0,1.0,1.0,0.92624,1
SYN-0385,noisy_review,test,0.0,2.0,3.0,4.0,0.0,1.0,1.0,0.18158,0
SYN-0386,trusted_release,train,0.0,0.0,0.0,2.0,0.0,0.0,0.0,0.05977,0
SYN-0387,dependency_takeover,train,0.0,1.0,3.0,1.0,0.0,0.0,1.0,0.59653,1
SYN-0388,workflow_compromise,train,0.0,3.0,2.0,1.0,0.0,5.0,0.0,0.54939,1
SYN-0389,tampered_provenance,test,1.0,2.0,0.0,0.0,3.0,0.0,1.0,0.90465,1
SYN-0390,noisy_review,train,0.0,0.0,1.0,3.0,0.0,1.0,2.0,0.33824,0
SYN-0391,trusted_release,train,0.0,0.0,1.0,0.0,0.0,0.0,0.0,0.07655,0
SYN-0392,dependency_takeover,train,1.0,2.0,3.0,0.0,0.0,0.0,2.0,0.73546,1
SYN-0393,workflow_compromise,test,1.0,2.0,1.0,1.0,0.0,6.0,0.0,0.45154,1
SYN-0394,tampered_provenance,train,1.0,4.0,0.0,0.0,4.0,2.0,1.0,0.73984,1
SYN-0395,noisy_review,train,0.0,1.0,5.0,4.0,1.0,3.0,1.0,0.1989,0
SYN-0396,trusted_release,train,0.0,0.0,1.0,0.0,0.0,0.0,0.0,0.16173,0
SYN-0397,dependency_takeover,test,1.0,3.0,1.0,0.0,0.0,0.0,2.0,0.74265,0
SYN-0398,workflow_compromise,train,0.0,3.0,4.0,1.0,0.0,4.0,0.0,0.34193,1
SYN-0399,tampered_provenance,train,1.0,4.0,2.0,0.0,4.0,2.0,0.0,0.85173,1
SYN-0400,noisy_review,train,0.0,0.0,4.0,4.0,1.0,1.0,1.0,0.12088,1
SYN-0401,trusted_release,test,0.0,0.0,0.0,0.0,0.0,0.0,0.0,0.10529,0
SYN-0402,dependency_takeover,train,0.0,2.0,1.0,1.0,0.0,0.0,1.0,0.36078,0
SYN-0403,workflow_compromise,train,0.0,2.0,3.0,0.0,0.0,5.0,1.0,0.55161,0
SYN-0404,tampered_provenance,train,1.0,4.0,1.0,0.0,4.0,2.0,1.0,0.5871,1
SYN-0405,noisy_review,test,0.0,2.0,5.0,2.0,0.0,1.0,1.0,0.26875,0
SYN-0406,trusted_release,train,0.0,0.0,1.0,2.0,0.0,0.0,0.0,0.00648,0
SYN-0407,dependency_takeover,train,0.0,3.0,0.0,1.0,0.0,0.0,3.0,0.80901,1
SYN-0408,workflow_compromise,train,0.0,4.0,4.0,0.0,0.0,5.0,0.0,0.34972,1
SYN-0409,tampered_provenance,test,1.0,3.0,0.0,0.0,3.0,0.0,1.0,0.71911,1
SYN-0410,noisy_review,train,0.0,1.0,3.0,4.0,1.0,0.0,1.0,0.5338,0
SYN-0411,trusted_release,train,0.0,0.0,0.0,0.0,0.0,0.0,0.0,0.09026,0
SYN-0412,dependency_takeover,train,1.0,1.0,0.0,1.0,0.0,0.0,4.0,0.37068,1
SYN-0413,workflow_compromise,test,0.0,4.0,4.0,2.0,0.0,3.0,1.0,0.76547,1
SYN-0414,tampered_provenance,train,1.0,2.0,1.0,0.0,3.0,0.0,1.0,0.8486,1
SYN-0415,noisy_review,train,0.0,2.0,5.0,2.0,1.0,2.0,0.0,0.15275,0
SYN-0416,trusted_release,train,0.0,0.0,0.0,1.0,0.0,0.0,0.0,0.00076,0
SYN-0417,dependency_takeover,test,1.0,1.0,0.0,0.0,0.0,0.0,2.0,0.72864,1
SYN-0418,workflow_compromise,train,1.0,5.0,4.0,2.0,0.0,5.0,0.0,0.58512,1
SYN-0419,tampered_provenance,train,1.0,3.0,1.0,0.0,4.0,0.0,1.0,0.52231,1
SYN-0420,noisy_review,train,0.0,2.0,1.0,1.0,0.0,0.0,2.0,0.28909,0
SYN-0421,trusted_release,test,0.0,0.0,0.0,2.0,0.0,0.0,0.0,0.0122,0
SYN-0422,dependency_takeover,train,1.0,3.0,1.0,1.0,0.0,1.0,1.0,0.5461,1
SYN-0423,workflow_compromise,train,0.0,3.0,1.0,1.0,0.0,4.0,0.0,0.7833,1
SYN-0424,tampered_provenance,train,1.0,4.0,1.0,0.0,3.0,2.0,0.0,0.91705,1
SYN-0425,noisy_review,test,0.0,2.0,1.0,0.0,1.0,3.0,2.0,0.27937,0
SYN-0426,trusted_release,train,0.0,0.0,1.0,0.0,0.0,0.0,0.0,0.08289,0
SYN-0427,dependency_takeover,train,0.0,1.0,0.0,1.0,0.0,1.0,4.0,0.4481,0
SYN-0428,workflow_compromise,train,0.0,4.0,4.0,0.0,0.0,7.0,1.0,0.22327,1
SYN-0429,tampered_provenance,test,1.0,3.0,2.0,0.0,3.0,0.0,1.0,0.96042,1
SYN-0430,noisy_review,train,0.0,1.0,3.0,2.0,1.0,0.0,0.0,0.17391,0
SYN-0431,trusted_release,train,0.0,0.0,1.0,1.0,0.0,0.0,0.0,0.05388,0
SYN-0432,dependency_takeover,train,0.0,2.0,3.0,2.0,0.0,1.0,1.0,0.63645,1
SYN-0433,workflow_compromise,test,1.0,5.0,2.0,2.0,0.0,7.0,0.0,0.30424,1
SYN-0434,tampered_provenance,train,1.0,2.0,1.0,0.0,3.0,1.0,0.0,0.63699,1
SYN-0435,noisy_review,train,0.0,2.0,4.0,0.0,0.0,1.0,1.0,0.36883,0
SYN-0436,trusted_release,train,0.0,0.0,1.0,1.0,0.0,0.0,0.0,0.0327,0
SYN-0437,dependency_takeover,test,0.0,2.0,0.0,1.0,0.0,0.0,2.0,0.89037,1
SYN-0438,workflow_compromise,train,0.0,3.0,3.0,2.0,0.0,6.0,0.0,0.71878,0
SYN-0439,tampered_provenance,train,1.0,4.0,0.0,0.0,4.0,0.0,0.0,0.80057,1
SYN-0440,noisy_review,train,0.0,1.0,3.0,3.0,1.0,2.0,1.0,0.2386,0
SYN-0441,trusted_release,test,0.0,0.0,1.0,2.0,0.0,0.0,0.0,0.02046,0
SYN-0442,dependency_takeover,train,1.0,3.0,2.0,1.0,0.0,0.0,4.0,0.29788,0
SYN-0443,workflow_compromise,train,1.0,4.0,3.0,2.0,0.0,5.0,0.0,0.28996,1
SYN-0444,tampered_provenance,train,1.0,4.0,1.0,0.0,4.0,2.0,0.0,0.86064,1
SYN-0445,noisy_review,test,0.0,1.0,3.0,3.0,1.0,3.0,2.0,0.11943,1
SYN-0446,trusted_release,train,0.0,0.0,0.0,2.0,0.0,0.0,0.0,0.10693,0
SYN-0447,dependency_takeover,train,1.0,3.0,2.0,0.0,0.0,0.0,3.0,0.3232,1
SYN-0448,workflow_compromise,train,0.0,4.0,1.0,0.0,0.0,5.0,0.0,0.64653,1
SYN-0449,tampered_provenance,test,1.0,3.0,1.0,0.0,4.0,2.0,1.0,0.73188,1
SYN-0450,noisy_review,train,0.0,2.0,5.0,0.0,1.0,1.0,2.0,0.1659,1
SYN-0451,trusted_release,train,0.0,0.0,1.0,1.0,0.0,0.0,0.0,0.01081,0
SYN-0452,dependency_takeover,train,1.0,3.0,3.0,0.0,0.0,1.0,2.0,0.83421,1
SYN-0453,workflow_compromise,test,0.0,4.0,1.0,0.0,0.0,6.0,1.0,0.32563,1
SYN-0454,tampered_provenance,train,1.0,2.0,0.0,0.0,4.0,2.0,1.0,0.7017,1
SYN-0455,noisy_review,train,0.0,1.0,1.0,0.0,0.0,2.0,0.0,0.5906,1
SYN-0456,trusted_release,train,0.0,0.0,0.0,2.0,0.0,0.0,0.0,0.14672,0
SYN-0457,dependency_takeover,test,1.0,2.0,1.0,0.0,0.0,1.0,3.0,0.37527,1
SYN-0458,workflow_compromise,train,1.0,5.0,2.0,1.0,0.0,6.0,1.0,0.65007,1
SYN-0459,tampered_provenance,train,1.0,3.0,0.0,0.0,3.0,0.0,0.0,0.6056,1
SYN-0460,noisy_review,train,0.0,2.0,1.0,3.0,1.0,0.0,2.0,0.64707,0
SYN-0461,trusted_release,test,0.0,0.0,0.0,0.0,0.0,0.0,0.0,0.13795,0
SYN-0462,dependency_takeover,train,1.0,3.0,1.0,0.0,0.0,0.0,3.0,0.56565,1
SYN-0463,workflow_compromise,train,1.0,3.0,4.0,0.0,0.0,7.0,0.0,0.36962,1
SYN-0464,tampered_provenance,train,1.0,3.0,2.0,0.0,3.0,1.0,1.0,0.64768,1
SYN-0465,noisy_review,test,0.0,1.0,2.0,3.0,1.0,1.0,0.0,0.10701,0
SYN-0466,trusted_release,train,0.0,0.0,1.0,0.0,0.0,0.0,0.0,0.18989,0
SYN-0467,dependency_takeover,train,0.0,3.0,0.0,1.0,0.0,0.0,4.0,0.9915,1
SYN-0468,workflow_compromise,train,0.0,2.0,3.0,1.0,0.0,5.0,1.0,0.64312,1
SYN-0469,tampered_provenance,test,1.0,2.0,0.0,0.0,3.0,2.0,0.0,0.66433,1
SYN-0470,noisy_review,train,0.0,2.0,1.0,2.0,1.0,1.0,0.0,0.32043,0
SYN-0471,trusted_release,train,0.0,0.0,1.0,1.0,0.0,0.0,0.0,0.13798,0
SYN-0472,dependency_takeover,train,0.0,1.0,1.0,2.0,0.0,0.0,2.0,0.32778,0
SYN-0473,workflow_compromise,test,1.0,5.0,2.0,2.0,0.0,6.0,1.0,0.56682,1
SYN-0474,tampered_provenance,train,1.0,2.0,1.0,0.0,4.0,0.0,1.0,0.72034,1
SYN-0475,noisy_review,train,0.0,2.0,3.0,0.0,0.0,2.0,2.0,0.38771,0
SYN-0476,trusted_release,train,0.0,0.0,0.0,1.0,0.0,0.0,0.0,0.06915,0
SYN-0477,dependency_takeover,test,1.0,1.0,0.0,0.0,0.0,0.0,4.0,0.8889,1
SYN-0478,workflow_compromise,train,0.0,4.0,3.0,0.0,0.0,7.0,0.0,0.5303,1
SYN-0479,tampered_provenance,train,1.0,2.0,0.0,0.0,4.0,1.0,1.0,0.54401,1
SYN-0480,noisy_review,train,0.0,2.0,1.0,0.0,1.0,3.0,0.0,0.40642,1
